"","Alnus.glutinosa.type","Betula","Calluna.vulgaris","Castanea.sativa","Corylus.avellana","Cryptomeria.japonica","Ericaceae","Frangula.azorica","Fraxinus.excelsior","Hedera.azorica","Ilex.perado","Juniperus.brevifolia","Ligustrum","Myrica.faya","Myrsine.africana","Picconia.azorica","Pinus","Quercus","Rubus","Ulex.type","Vaccinium.cylindraceum","Viburnum.tinus","Allium.type","Ambrosia","Anagallis","Angelica.lignescens","Apiaceae","Artemisia","Asteraceae.Subfam..Cichorioideae","Bellis.type","Bidens","Boraginaceae","Brassicaceae","Centaurium","Cerealia","Chaerophyllum.azoricum","Chenopodiaceae.type","Chrysanthemum.type","Crassulaceae","Daucus.carota","Euphorbia","Euphrasia","Fabaceae","Falcaria.type","Hydrangea","Hypericum","Juncaceae","Lamiaceae","Liliaceae.type","Lysimachia","Mentha.type","Plantago.alpina.type","Plantago.lanceolata.type","Poaceae","Pollen..tricolporate..small..smooth.","Polygonum.persicaria.type","Potentilla.type","Ranunculus.cortusifolius.type","Rubiaceae","Rumex.acetosella.type","Rumex.obtusifolius.type","Sagina","Secale","Senecio.type","Spergula.type","Teucrium","Thalictrum","Urtica","Verbena.officinalis","Veronica","Zea.mays","Adiantum","Anogramma.leptophylla.Pteris.cretica","Asplenium.type","Athyrium.filix.femina","Blechnum","Cheilanthes.type","Culcita.macrocarpa","Diphasiastrum.madeirense","Dryopteris.dilatata.type","Dryopteris.filix.mas.type","Huperzia.selago","Hymenophyllum.tunbrigense.type","Lycopodium.inundatum","Monolete.fern.spore","Ophioglossum.azoricum","Ophioglossum.lusitanicum","Osmunda.regalis","Polypodium","Pteridium.aquilinum","Selaginella.kraussiana","Trichomanes","Trilete.fern.spore","Alisma","Cyperaceae","Isoetes","Littorella.uniflora","Potamogeton.type","Anthoceros.punctatus","Cercophora.type","Juniperus..stomata","Cal_yrs_BP","min","max"
"1",0.000402738622633911,0,0.00523560209424084,0,0,0.00201369311316955,0.00604107933950866,0.00161095449053564,0,0,0.00563834071687475,0.0455094643576319,0,0.00805477245267821,0.067660088602497,0.0140958517921869,0,0,0.000402738622633911,0,0.000402738622633911,0.00120821586790173,0,0,0,0,0,0,0,0.000402738622633911,0,0,0,0,0,0,0,0,0,0,0.00281917035843737,0,0,0,0.00724929520741039,0.000805477245267821,0,0,0,0,0,0,0.00684655658477648,0.0209424083769634,0.000805477245267821,0,0.00604107933950866,0,0.000805477245267821,0.000402738622633911,0,0.000402738622633911,0.000402738622633911,0,0,0,0,0,0,0,0,0,0.00281917035843737,0,0.000402738622633911,0,0,0.0322190898107129,0.000402738622633911,0,0,0.000402738622633911,0,0,0.080950463149416,0.000805477245267821,0.00161095449053564,0.00161095449053564,0,0.000402738622633911,0.00443012484897302,0.00926298832057994,0,0,0.00563834071687475,0.651631091421667,0,0,0.000805477245267821,0.000402738622633911,0,-39,NA,NA
"2",0,0,0.00367197062423501,0,0,0,0.00815993472052224,0.00163198694410445,0,0,0.00530395756833945,0.0371277029783762,0,0.00856793145654835,0.0889432884536924,0.00938392492860057,0,0,0,0,0.000815993472052224,0.00122399020807834,0,0,0,0,0,0,0,0.000815993472052224,0,0,0.000407996736026112,0,0.000407996736026112,0,0.000407996736026112,0,0,0,0.00244798041615667,0,0,0,0.00815993472052224,0.00122399020807834,0,0,0,0.00122399020807834,0,0,0.00611995104039168,0.0326397388820889,0,0,0.00938392492860057,0,0,0.000407996736026112,0,0.000407996736026112,0,0,0,0,0,0,0,0.000407996736026112,0,0,0.00367197062423501,0,0,0,0.000815993472052224,0.0342717258261934,0,0,0,0.000407996736026112,0.000407996736026112,0,0.0836393308853529,0,0.00122399020807834,0.00244798041615667,0.000815993472052224,0.00326397388820889,0.00448796409628723,0.0118319053447572,0,0,0.00489596083231334,0.616075071399429,0.000407996736026112,0,0.000407996736026112,0.00163198694410445,0,-14,NA,NA
"3",0,0,0.00378787878787879,0,0,0,0.00568181818181818,0,0,0,0.00315656565656566,0.0656565656565657,0,0.00378787878787879,0.0997474747474748,0.0132575757575758,0,0,0,0,0.000631313131313131,0.00189393939393939,0,0,0,0.000631313131313131,0,0,0,0.000631313131313131,0,0,0,0,0,0,0,0,0,0,0.00189393939393939,0,0,0,0.00694444444444444,0.00189393939393939,0,0,0,0.000631313131313131,0,0,0.00252525252525253,0.0378787878787879,0.000631313131313131,0,0.00757575757575758,0,0,0,0.000631313131313131,0,0,0.000631313131313131,0,0,0,0,0,0,0,0,0.00631313131313131,0,0,0,0.00126262626262626,0.0454545454545455,0,0,0,0.00252525252525253,0,0,0.0700757575757576,0,0,0.00378787878787879,0,0.00252525252525253,0.00505050505050505,0.0126262626262626,0,0,0.00441919191919192,0.585227272727273,0,0,0,0.000631313131313131,0,11,NA,NA
"4",0,0,0.0021551724137931,0,0,0,0.00754310344827586,0.000538793103448276,0,0,0.00431034482758621,0.0835129310344828,0,0.00538793103448276,0.0926724137931035,0.015625,0,0,0,0,0.000538793103448276,0.00377155172413793,0,0.000538793103448276,0,0.00161637931034483,0,0,0.000538793103448276,0,0,0,0,0.000538793103448276,0,0.000538793103448276,0,0,0,0,0.00107758620689655,0.000538793103448276,0,0.000538793103448276,0.00754310344827586,0.00161637931034483,0,0.000538793103448276,0,0,0,0,0.00323275862068966,0.0366379310344828,0,0,0.00484913793103448,0.000538793103448276,0,0,0,0,0,0,0,0,0,0.000538793103448276,0,0,0,0,0.00538793103448276,0,0,0,0,0.0355603448275862,0.000538793103448276,0,0,0.00107758620689655,0,0,0.0991379310344828,0.00161637931034483,0.00107758620689655,0.00431034482758621,0,0.00269396551724138,0.00161637931034483,0.0118534482758621,0,0,0.00484913793103448,0.551185344827586,0,0,0.00161637931034483,0,0,34,NA,NA
"5",0,0,0.00661057692307692,0,0,0,0.00540865384615385,0.000600961538461538,0,0,0.00540865384615385,0.0540865384615385,0,0.00901442307692308,0.0889423076923077,0.0162259615384615,0,0,0,0,0.00120192307692308,0.00120192307692308,0,0,0,0,0,0,0.000600961538461538,0,0,0,0,0,0,0,0,0,0,0,0.00300480769230769,0,0,0.000600961538461538,0.015625,0.00120192307692308,0,0,0,0,0,0,0.000600961538461538,0.0252403846153846,0.000600961538461538,0,0.0078125,0,0.00360576923076923,0,0,0,0,0.00180288461538462,0.000600961538461538,0,0,0,0,0,0,0,0.00300480769230769,0,0,0,0,0.0360576923076923,0,0,0,0.000600961538461538,0,0,0.0853365384615385,0,0.00120192307692308,0.00240384615384615,0.000600961538461538,0.00600961538461538,0.00300480769230769,0.00600961538461538,0.00120192307692308,0,0.0078125,0.594951923076923,0,0,0.000600961538461538,0.00120192307692308,0,56,NA,NA
"6",0,0.000538213132400431,0.00538213132400431,0,0,0,0.00376749192680301,0.00215285252960172,0,0,0.00592034445640474,0.0769644779332616,0,0.00645855758880517,0.0904198062432723,0.0139935414424112,0,0.000538213132400431,0,0,0,0.00107642626480086,0,0.000538213132400431,0,0.00107642626480086,0,0,0.00107642626480086,0,0,0,0,0,0,0,0,0,0,0,0.00161463939720129,0,0,0,0.00861141011840689,0.00161463939720129,0,0,0,0,0,0,0.00322927879440258,0.0333692142088267,0.000538213132400431,0,0.00592034445640474,0,0,0,0,0,0,0,0,0,0,0,0,0,0,0,0.00592034445640474,0,0,0,0.00107642626480086,0.0376749192680301,0,0,0,0.00107642626480086,0,0,0.0882669537136706,0.000538213132400431,0.00376749192680301,0.00215285252960172,0.000538213132400431,0.00430570505920344,0.00753498385360603,0.011302475780409,0.00161463939720129,0,0.00753498385360603,0.560279870828848,0,0,0.000538213132400431,0.00107642626480086,0,78,NA,NA
"7",0.000524109014675052,0.000524109014675052,0.00471698113207547,0,0,0,0.00366876310272537,0,0,0,0.00628930817610063,0.0649895178197065,0,0.00786163522012579,0.105870020964361,0.010482180293501,0.000524109014675052,0,0,0,0,0.00366876310272537,0,0,0,0.000524109014675052,0,0,0.000524109014675052,0.000524109014675052,0,0,0,0.000524109014675052,0,0,0,0,0,0.000524109014675052,0.00157232704402516,0,0,0.000524109014675052,0.0131027253668763,0.00262054507337526,0.000524109014675052,0,0,0.000524109014675052,0,0,0.00209643605870021,0.0335429769392034,0,0,0.00366876310272537,0.000524109014675052,0,0.000524109014675052,0,0.000524109014675052,0,0.000524109014675052,0,0,0,0,0,0,0,0,0.00209643605870021,0,0,0,0.0010482180293501,0.030398322851153,0,0,0,0.00209643605870021,0,0,0.0875262054507338,0,0.0010482180293501,0.000524109014675052,0,0.00366876310272537,0.00628930817610063,0.010482180293501,0.0010482180293501,0,0.00733752620545073,0.572327044025157,0.000524109014675052,0,0.000524109014675052,0.0010482180293501,0,99,NA,NA
"8",0,0.000575705238917674,0.00460564191134139,0,0,0,0.00518134715025907,0.00115141047783535,0,0,0.00575705238917674,0.077720207253886,0,0.0115141047783535,0.103626943005181,0.0126655152561888,0,0,0.000575705238917674,0,0.000575705238917674,0.00115141047783535,0,0,0,0.000575705238917674,0,0,0.00115141047783535,0.000575705238917674,0,0,0.000575705238917674,0,0,0,0,0,0,0,0.00115141047783535,0,0.000575705238917674,0,0.0149683362118595,0.00172711571675302,0,0,0,0,0,0,0.00345423143350604,0.0379965457685665,0.000575705238917674,0,0.0132412204951065,0,0.0023028209556707,0,0,0,0,0,0,0,0,0.000575705238917674,0,0,0,0,0.00863557858376511,0,0,0,0,0.0397236614853195,0.000575705238917674,0,0.000575705238917674,0,0.000575705238917674,0,0.0817501439263097,0.000575705238917674,0.000575705238917674,0.00345423143350604,0,0.00345423143350604,0.00690846286701209,0.0115141047783535,0.00115141047783535,0,0.00748416810592976,0.526770293609672,0,0,0.000575705238917674,0.00115141047783535,0,117,NA,NA
"9",0,0,0.00498753117206983,0,0,0,0.00648379052369077,0.00149625935162095,0,0,0.000997506234413965,0.0369077306733167,0,0.00798004987531172,0.0907730673316708,0.0114713216957606,0,0,0,0,0.000997506234413965,0.00349127182044888,0,0,0,0.000498753117206983,0,0,0.000997506234413965,0.000498753117206983,0,0,0,0.000498753117206983,0,0,0,0,0,0,0.00249376558603491,0,0,0,0.00498753117206983,0.000997506234413965,0,0,0,0,0,0,0.00249376558603491,0.0418952618453865,0,0,0.00598503740648379,0,0.000498753117206983,0,0,0,0,0,0.000498753117206983,0,0,0,0,0,0,0,0.00448877805486284,0,0,0,0.00149625935162095,0.0269326683291771,0.000498753117206983,0,0,0,0,0,0.0882793017456359,0.000498753117206983,0.000498753117206983,0.000997506234413965,0.000498753117206983,0.00498753117206983,0.00399002493765586,0.00648379052369077,0.000498753117206983,0,0.00349127182044888,0.62643391521197,0.000498753117206983,0,0.000997506234413965,0.000498753117206983,0,137,NA,NA
"10",0,0,0.0021795989537925,0,0,0,0.00871839581517001,0.0021795989537925,0,0,0.0039232781168265,0.0575414123801221,0.0004359197907585,0.0030514385353095,0.101133391455972,0.0108979947689625,0,0.0004359197907585,0,0,0.0004359197907585,0.000871839581517001,0,0,0,0,0.0004359197907585,0,0.0004359197907585,0,0,0,0,0,0,0,0.0013077593722755,0,0,0,0.000871839581517001,0,0.0004359197907585,0,0,0.000871839581517001,0,0.0004359197907585,0,0.0004359197907585,0,0,0.0013077593722755,0.036617262423714,0,0,0.0039232781168265,0.0004359197907585,0.0004359197907585,0,0,0.000871839581517001,0.0004359197907585,0,0,0,0,0.0004359197907585,0,0,0,0,0.00566695727986051,0,0,0,0.0004359197907585,0.0292066259808195,0,0,0,0,0.000871839581517001,0,0.0980819529206626,0,0,0.0004359197907585,0,0.00741063644289451,0.00741063644289451,0.0117698343504795,0.0004359197907585,0,0.00523103748910201,0.591107236268527,0,0,0.0004359197907585,0,0,156,NA,NA
"11",0,0,0.00146914789422135,0,0,0,0.00734573947110676,0.000979431929480901,0,0,0.00342801175318315,0.034769833496572,0,0.00538687561214496,0.0940254652301665,0.00832517140058766,0,0,0.000489715964740451,0,0.000979431929480901,0.000979431929480901,0,0,0,0,0,0,0.000979431929480901,0,0,0,0,0.000489715964740451,0,0,0.000979431929480901,0,0,0,0.0019588638589618,0,0,0,0,0,0,0,0,0.000489715964740451,0,0,0.000979431929480901,0.0396669931439765,0,0,0.00685602350636631,0,0,0,0,0,0,0,0,0,0,0,0.000489715964740451,0,0,0,0.00832517140058766,0,0,0,0,0.0230166503428012,0.000489715964740451,0,0,0.000979431929480901,0,0,0.10822722820764,0,0.000979431929480901,0,0.000489715964740451,0.00489715964740451,0.00342801175318315,0.00636630754162586,0.000979431929480901,0,0.00783545543584721,0.621449559255632,0,0,0.000489715964740451,0.000979431929480901,0,178.5,NA,NA
"12",0,0,0.00343473994111874,0,0,0,0.013738959764475,0,0,0,0.0014720314033366,0.0363101079489696,0,0.00392541707556428,0.0947006869479882,0.00637880274779195,0,0,0,0,0.0014720314033366,0.000490677134445535,0,0,0,0,0,0,0.00098135426889107,0,0,0.000490677134445535,0.000490677134445535,0,0.000490677134445535,0,0,0.000490677134445535,0,0,0.0014720314033366,0,0,0,0,0,0,0,0,0,0,0,0.000490677134445535,0.0480863591756624,0.00098135426889107,0,0.00588812561334642,0,0,0,0,0,0,0,0.000490677134445535,0,0,0,0,0,0.000490677134445535,0,0.00785083415112856,0,0,0.00098135426889107,0,0.0264965652600589,0,0,0.000490677134445535,0.000490677134445535,0.000490677134445535,0,0.118253189401374,0,0,0,0.000490677134445535,0.0103042198233562,0.00539744847890088,0.0103042198233562,0,0,0.00932286555446516,0.580961727183513,0,0.00098135426889107,0.00343473994111874,0.00098135426889107,0,203.5,NA,NA
"13",0,0.000525486074619023,0.00367840252233316,0,0,0,0.0105097214923805,0.00157645822385707,0,0,0.00525486074619023,0.0394114555964267,0.000525486074619023,0.00735680504466632,0.119810825013137,0.0120861797162375,0,0.000525486074619023,0,0.000525486074619023,0.00105097214923805,0.00210194429847609,0,0,0,0.000525486074619023,0,0,0.000525486074619023,0.000525486074619023,0,0,0.000525486074619023,0,0,0.000525486074619023,0,0.000525486074619023,0,0,0.00105097214923805,0,0,0,0,0.00105097214923805,0,0,0,0.000525486074619023,0,0,0,0.0304781923279033,0,0,0.00945874934314241,0,0.000525486074619023,0,0,0.00105097214923805,0,0,0.00105097214923805,0,0,0,0,0,0,0,0.00578034682080925,0,0,0,0.000525486074619023,0.0404624277456647,0.00105097214923805,0,0,0.00262743037309511,0,0,0.10194429847609,0,0.00105097214923805,0,0.000525486074619023,0.00893326326852338,0.00262743037309511,0.00945874934314241,0.00105097214923805,0.000525486074619023,0.0105097214923805,0.557015239096164,0,0,0.00157645822385707,0.00105097214923805,0,290.5,NA,NA
"14",0,0.000722543352601156,0.00722543352601156,0,0,0,0.0122832369942197,0.00216763005780347,0,0,0.00939306358381503,0.115606936416185,0,0.00867052023121387,0.190028901734104,0.0245664739884393,0.000722543352601156,0.000722543352601156,0,0,0.00289017341040462,0.00144508670520231,0,0,0,0.000722543352601156,0,0,0.000722543352601156,0.000722543352601156,0,0,0,0.000722543352601156,0,0,0,0.000722543352601156,0,0,0.00289017341040462,0,0,0,0,0.000722543352601156,0,0,0,0,0,0,0,0.0375722543352601,0.00144508670520231,0,0.00722543352601156,0,0,0,0,0,0,0,0.000722543352601156,0,0,0,0,0,0,0,0.00578034682080925,0,0,0,0,0.0686416184971098,0,0,0.000722543352601156,0.00216763005780347,0,0,0.133670520231214,0,0.000722543352601156,0.00433526011560694,0,0.00794797687861272,0.00433526011560694,0.0433526011560694,0.000722543352601156,0,0.0115606936416185,0.281791907514451,0,0,0.00144508670520231,0.00216763005780347,0,343,NA,NA
"15",0,0,0.00275103163686382,0,0,0,0.0123796423658872,0.00343878954607978,0.000687757909215956,0,0.00825309491059147,0.0852819807427785,0,0.00550206327372765,0.164374140302613,0.0254470426409904,0.000687757909215956,0,0,0,0.00343878954607978,0.00206327372764787,0,0,0,0,0,0,0.00206327372764787,0.000687757909215956,0,0,0,0,0,0,0,0,0.000687757909215956,0,0.00206327372764787,0,0,0,0,0.00206327372764787,0,0,0,0.00137551581843191,0,0,0,0.0295735900962861,0,0,0.0103163686382393,0,0,0.000687757909215956,0,0,0,0,0,0,0,0.000687757909215956,0,0,0,0,0.00825309491059147,0,0,0,0.00137551581843191,0.061898211829436,0.00137551581843191,0.000687757909215956,0,0.00275103163686382,0.000687757909215956,0,0.158872077028886,0,0,0.00206327372764787,0.00275103163686382,0.0123796423658872,0.00825309491059147,0.0185694635488308,0.000687757909215956,0,0.0103163686382393,0.344566712517194,0,0,0,0,0,412,NA,NA
"16",0,0,0,0,0,0,0.00118296529968454,0.000788643533123028,0,0.000394321766561514,0.00354889589905363,0.10410094637224,0.000394321766561514,0.00118296529968454,0.0595425867507886,0.00985804416403785,0,0,0,0,0.000788643533123028,0.00236593059936909,0,0,0,0.000394321766561514,0,0,0.000788643533123028,0.000394321766561514,0,0,0,0,0,0,0,0,0.000394321766561514,0,0.00236593059936909,0,0,0,0,0.00118296529968454,0,0,0,0,0,0,0,0.00906940063091483,0.00157728706624606,0,0.00118296529968454,0,0.00157728706624606,0,0,0,0,0,0,0,0,0,0,0,0,0,0.0027602523659306,0,0,0,0,0.0319400630914827,0,0,0.000394321766561514,0,0.000788643533123028,0,0.0725552050473186,0,0.000788643533123028,0.000394321766561514,0,0.00394321766561514,0.000788643533123028,0.00906940063091483,0,0,0.00236593059936909,0.669558359621451,0.000788643533123028,0,0.000788643533123028,0,0,456,NA,NA
"17",0,0,0.0212765957446809,0,0,0,0.00386847195357834,0.00386847195357834,0,0,0.00580270793036751,0.148936170212766,0,0.00676982591876209,0.227272727272727,0.0357833655705996,0,0,0,0,0.000967117988394584,0.000967117988394584,0,0,0,0.00386847195357834,0,0,0,0.000967117988394584,0,0,0,0,0,0,0.000967117988394584,0,0,0,0.00676982591876209,0,0,0.000967117988394584,0,0.00290135396518375,0,0,0,0.000967117988394584,0,0,0,0.0145067698259188,0,0,0.00483558994197292,0.00193423597678917,0.00193423597678917,0,0,0,0,0.000967117988394584,0,0,0,0,0,0,0,0,0.0106382978723404,0,0,0,0,0.0928433268858801,0,0,0,0.000967117988394584,0.000967117988394584,0,0.135396518375242,0,0.00193423597678917,0.00870406189555126,0.000967117988394584,0.000967117988394584,0.00676982591876209,0.0193423597678917,0.000967117988394584,0,0.00870406189555126,0.212765957446809,0,0,0.000967117988394584,0,0,498,NA,NA
"18",0,0.000537056928034372,0.00161117078410311,0,0,0,0.00322234156820623,0.00107411385606874,0,0,0.00429645542427497,0.190655209452202,0,0.00322234156820623,0.0773361976369495,0.0311493018259936,0,0,0,0,0.000537056928034372,0.00322234156820623,0,0,0,0.00107411385606874,0.000537056928034372,0,0,0,0,0,0,0,0,0,0,0,0,0,0.00214822771213749,0,0,0,0,0.000537056928034372,0,0,0,0,0.000537056928034372,0,0,0.00537056928034372,0.00107411385606874,0,0.00483351235230934,0,0.00107411385606874,0,0,0,0,0.000537056928034372,0,0,0,0,0,0,0,0,0.00429645542427497,0,0,0,0,0.037593984962406,0,0,0,0,0.000537056928034372,0,0.0816326530612245,0.000537056928034372,0.00214822771213749,0.00859291084854995,0.00161117078410311,0,0.0037593984962406,0.0112781954887218,0,0,0.00429645542427497,0.504833512352309,0.00322234156820623,0,0.00107411385606874,0,0,533,NA,NA
"19",0,0.000924214417744917,0.00646950092421442,0,0,0,0.0055452865064695,0,0,0,0.0138632162661738,0.224584103512015,0,0.00277264325323475,0.149722735674677,0.0249537892791128,0,0,0,0,0.00184842883548983,0.00462107208872458,0,0,0,0.000924214417744917,0,0,0.00369685767097967,0,0,0,0,0,0,0,0,0,0,0,0.00646950092421442,0,0,0.000924214417744917,0,0,0,0,0,0,0.000924214417744917,0,0,0.0120147874306839,0.000924214417744917,0,0.00646950092421442,0,0,0,0,0,0,0,0,0,0,0,0,0,0,0,0.00646950092421442,0,0,0,0,0.0905730129390018,0.000924214417744917,0,0,0,0,0,0.16173752310536,0.000924214417744917,0.000924214417744917,0.0157116451016636,0.000924214417744917,0,0.00369685767097967,0.0055452865064695,0,0,0.0129390018484288,0.231053604436229,0,0,0.000924214417744917,0,0,555,NA,NA
"20",0,0.001001001001001,0.002002002002002,0,0,0,0.004004004004004,0.001001001001001,0,0,0.01001001001001,0.294294294294294,0,0,0.153153153153153,0.03003003003003,0,0,0,0,0.002002002002002,0.005005005005005,0,0,0,0.003003003003003,0,0,0.002002002002002,0,0,0,0,0,0,0,0,0,0,0,0.005005005005005,0,0,0,0,0.002002002002002,0,0,0,0,0,0,0,0.013013013013013,0.001001001001001,0,0.003003003003003,0,0.002002002002002,0,0,0,0,0,0,0,0,0,0,0,0,0,0.005005005005005,0,0,0,0.001001001001001,0.0800800800800801,0,0,0,0.002002002002002,0,0,0.134134134134134,0,0.001001001001001,0.013013013013013,0.001001001001001,0,0.013013013013013,0.012012012012012,0,0,0.023023023023023,0.18018018018018,0,0,0,0,0.001001001001001,579,NA,NA
"21",0,0.000543773790103317,0.00380641653072322,0,0,0,0.000543773790103317,0.00217509516041327,0,0.000543773790103317,0.00815660685154975,0.168026101141925,0,0.000543773790103317,0.0837411636759108,0.020663404023926,0,0,0,0,0,0.0032626427406199,0,0,0,0.00108754758020663,0,0,0.00271886895051659,0.000543773790103317,0,0,0,0,0,0,0,0,0,0,0.00380641653072322,0,0,0,0,0.000543773790103317,0,0,0,0.000543773790103317,0,0,0,0.00924415443175639,0,0,0.00543773790103317,0,0,0,0,0,0,0.000543773790103317,0,0,0.000543773790103317,0.000543773790103317,0,0,0,0,0.0032626427406199,0,0,0,0,0.0489396411092985,0,0,0,0,0,0,0.0750407830342577,0.00217509516041327,0.0032626427406199,0.011963023382273,0,0,0.0032626427406199,0.00271886895051659,0,0,0.00706905927134312,0.523110386079391,0,0,0.000543773790103317,0,0.00108754758020663,607,NA,NA
"22",0.000588235294117647,0,0.000588235294117647,0,0,0,0.00235294117647059,0.00117647058823529,0,0.000588235294117647,0.00588235294117647,0.248823529411765,0,0.000588235294117647,0.0788235294117647,0.0164705882352941,0,0,0,0,0.00117647058823529,0.00235294117647059,0,0,0,0.00117647058823529,0,0,0.00117647058823529,0,0,0,0,0,0,0,0,0,0,0,0.00411764705882353,0,0,0.000588235294117647,0,0,0,0.000588235294117647,0,0,0,0,0,0.00411764705882353,0.00411764705882353,0,0.00235294117647059,0,0.000588235294117647,0,0,0,0,0,0,0,0,0,0,0,0,0,0.00294117647058824,0,0,0,0,0.0511764705882353,0,0,0,0,0,0,0.0905882352941176,0.00176470588235294,0.00411764705882353,0.0158823529411765,0.00117647058823529,0,0.00470588235294118,0.00882352941176471,0.00117647058823529,0,0.0105882352941176,0.427058823529412,0,0,0,0,0.00176470588235294,627,NA,NA
"23",0,0,0.00107874865156419,0.000539374325782093,0,0,0.00161812297734628,0.00215749730312837,0,0,0.00377562028047465,0.190938511326861,0,0.00323624595469256,0.0711974110032362,0.0188781014023732,0,0.000539374325782093,0,0,0.000539374325782093,0.00323624595469256,0,0,0,0.00161812297734628,0,0,0.00161812297734628,0,0,0,0,0,0,0,0.000539374325782093,0,0,0,0.00215749730312837,0,0,0,0,0.000539374325782093,0,0,0,0,0.000539374325782093,0,0.000539374325782093,0.0075512405609493,0.00215749730312837,0.00107874865156419,0.00215749730312837,0,0.000539374325782093,0,0,0,0,0,0,0,0,0,0,0,0,0,0.00215749730312837,0,0,0,0.000539374325782093,0.0474649406688242,0,0,0,0,0,0,0.0533980582524272,0.00161812297734628,0.00161812297734628,0.0161812297734628,0.000539374325782093,0,0.00269687162891046,0.00107874865156419,0,0,0.0075512405609493,0.545307443365696,0,0,0,0,0.00107874865156419,651,NA,NA
"24",0.000526870389884088,0,0,0,0,0,0.00368809272918862,0,0,0,0.00526870389884088,0.118018967334036,0,0.00263435194942044,0.0974710221285564,0.0168598524762908,0,0,0,0,0.000526870389884088,0.00316122233930453,0,0,0,0.000526870389884088,0,0,0.000526870389884088,0,0,0,0,0,0,0,0,0,0,0,0.00263435194942044,0,0,0,0,0.00210748155953635,0,0,0,0,0,0,0,0.00421496311907271,0.00105374077976818,0,0.0047418335089568,0.000526870389884088,0.000526870389884088,0,0,0,0,0,0,0,0,0,0,0,0,0,0.00421496311907271,0,0,0,0,0.0468914646996839,0,0,0,0,0,0,0.0922023182297155,0,0.000526870389884088,0.00948366701791359,0,0,0.00263435194942044,0.00210748155953635,0,0,0.00790305584826133,0.567439409905163,0.000526870389884088,0,0,0,0.00105374077976818,671,NA,NA
"25",0,0,0.00212615166548547,0,0,0,0.00283486888731396,0.00141743444365698,0,0,0.00496102055279943,0.21615875265769,0,0,0.0857547838412473,0.0226789510985117,0,0.00070871722182849,0,0,0,0.00496102055279943,0,0,0,0.00354358610914245,0,0,0,0.00070871722182849,0,0,0,0,0,0,0,0,0,0,0.00070871722182849,0,0,0,0,0,0,0,0,0,0,0,0,0.00779588944011339,0.00141743444365698,0,0.00212615166548547,0,0,0,0,0,0,0,0,0,0,0,0,0,0,0,0.00212615166548547,0,0,0,0.00070871722182849,0.0531537916371368,0,0,0,0,0,0,0.0815024805102764,0.00141743444365698,0.00496102055279943,0.00496102055279943,0.00212615166548547,0,0.00283486888731396,0.00354358610914245,0,0,0.00921332388377038,0.474840538625089,0,0,0,0,0.00070871722182849,679,NA,NA
"26",0,0,0.000539665407447383,0,0,0,0,0.000539665407447383,0,0,0.00431732325957906,0.146249325418241,0.000539665407447383,0.00107933081489477,0.073394495412844,0.0124123043712898,0,0.000539665407447383,0,0,0.000539665407447383,0.00161899622234215,0,0,0,0.000539665407447383,0,0,0,0,0,0,0,0,0,0,0,0,0,0,0.00107933081489477,0,0,0,0,0.000539665407447383,0,0,0.000539665407447383,0,0,0,0,0.00431732325957906,0.00269832703723691,0.000539665407447383,0.00215866162978953,0,0,0,0,0,0,0,0,0,0,0.00107933081489477,0,0,0,0,0.00377765785213168,0,0,0,0.00161899622234215,0.0334592552617377,0,0,0,0,0,0,0.128440366972477,0,0.0032379924446843,0.00809498111171074,0.000539665407447383,0,0.00377765785213168,0.0032379924446843,0,0,0.00755531570426336,0.55045871559633,0,0,0,0,0.000539665407447383,718,NA,NA
"27",0,0,0.0012853470437018,0,0,0,0.0006426735218509,0.0019280205655527,0,0,0.0089974293059126,0.214652956298201,0,0.0012853470437018,0.0764781491002571,0.0212082262210797,0,0,0,0,0,0.0032133676092545,0,0,0,0.0006426735218509,0.0006426735218509,0.0006426735218509,0.0019280205655527,0,0,0,0,0,0,0,0.0006426735218509,0,0,0,0.0044987146529563,0.0006426735218509,0,0.0012853470437018,0,0,0,0,0,0,0,0,0,0.0070694087403599,0.0019280205655527,0.0012853470437018,0.0019280205655527,0,0.0019280205655527,0,0,0,0,0,0,0,0,0,0,0,0,0,0.0019280205655527,0,0,0,0.0025706940874036,0.0571979434447301,0,0,0,0.0006426735218509,0,0,0.0809768637532134,0.0012853470437018,0.0012853470437018,0.0077120822622108,0.0012853470437018,0,0.0032133676092545,0.0089974293059126,0,0,0.0102827763496144,0.464652956298201,0,0,0,0,0.0032133676092545,747,NA,NA
"28",0,0,0.000917852225791648,0,0,0,0.000917852225791648,0.000458926112895824,0,0,0.00504818724185406,0.150068838916934,0,0.00137677833868747,0.0642496558054153,0.0128499311610831,0,0.000458926112895824,0,0,0.000458926112895824,0,0,0,0,0.0018357044515833,0,0,0,0,0,0,0,0,0,0,0,0,0,0,0.00321248279027077,0,0,0,0,0.000458926112895824,0,0,0,0,0,0,0,0.00367140890316659,0.00275355667737494,0,0.00275355667737494,0,0,0,0,0,0,0,0,0,0,0,0,0,0,0,0.00321248279027077,0,0,0,0,0.0243230839834787,0,0,0,0,0,0,0.0674621385956861,0.000917852225791648,0.00229463056447912,0.00688389169343736,0.000458926112895824,0,0.00229463056447912,0.00413033501606241,0,0,0.0096374483708123,0.626434144102799,0,0,0.000458926112895824,0,0,773,NA,NA
"29",0,0,0.000582072176949942,0,0,0,0.000582072176949942,0.000582072176949942,0,0.000582072176949942,0.00873108265424913,0.175203725261932,0,0.00407450523864959,0.0791618160651921,0.0232828870779977,0,0,0,0,0,0.00349243306169965,0,0,0,0.000582072176949942,0,0,0.000582072176949942,0,0,0,0.000582072176949942,0,0,0,0,0,0,0,0.00174621653084983,0,0,0,0,0.000582072176949942,0,0,0,0,0,0,0,0.0069848661233993,0.00349243306169965,0,0.00291036088474971,0,0.00174621653084983,0,0,0,0,0.000582072176949942,0,0,0,0.000582072176949942,0,0,0,0,0.00465657741559953,0,0,0,0,0.0471478463329453,0,0,0,0.000582072176949942,0.00174621653084983,0,0.089639115250291,0.00116414435389988,0.00407450523864959,0.00640279394644936,0,0,0.00814901047729918,0.00582072176949942,0,0,0.0162980209545984,0.4965075669383,0,0,0.000582072176949942,0,0.000582072176949942,854.5,NA,NA
"30",0,0,0.00180831826401447,0,0.000602772754671489,0,0.000602772754671489,0.000602772754671489,0,0,0.00723327305605787,0.218203737191079,0.000602772754671489,0.00301386377335744,0.0747438215792646,0.0144665461121157,0,0,0,0,0,0.00241109101868596,0,0,0,0.00241109101868596,0,0,0.000602772754671489,0,0,0,0,0,0,0,0,0,0,0,0.00361663652802893,0,0,0,0,0.00120554550934298,0,0,0,0,0,0,0,0.0102471368294153,0,0.000602772754671489,0.00180831826401447,0,0.00120554550934298,0,0,0,0,0.000602772754671489,0,0,0,0,0,0,0,0,0.00301386377335744,0,0,0,0,0.0385774562989753,0,0,0,0.000602772754671489,0,0,0.0753465943339361,0.000602772754671489,0,0.0120554550934298,0,0,0.00361663652802893,0.00361663652802893,0,0,0.0108499095840868,0.501506931886679,0,0,0,0,0.00361663652802893,934.5,NA,NA
"31",0,0.000850701829008932,0.000850701829008932,0,0,0,0.000425350914504466,0.0012760527435134,0,0,0.00467886005954913,0.0995321139940451,0,0.0012760527435134,0.0493407060825181,0.0110591237771161,0,0.000425350914504466,0,0,0,0.00170140365801786,0,0,0,0.00212675457252233,0,0,0.000850701829008932,0.000425350914504466,0,0,0,0,0,0,0,0,0,0,0.000425350914504466,0,0,0,0,0.0012760527435134,0,0,0,0,0,0,0,0.0038281582305402,0.000425350914504466,0,0,0.000425350914504466,0.00170140365801786,0,0,0,0,0,0,0,0,0,0,0,0,0,0.00212675457252233,0,0,0,0,0.0259464057847724,0.000425350914504466,0,0,0.000850701829008932,0.000425350914504466,0,0.0633772862611655,0,0.000425350914504466,0.00552956188855806,0.000850701829008932,0,0.00170140365801786,0.0025521054870268,0,0,0.00638026371756699,0.706082518077414,0,0,0,0,0.000425350914504466,1010,NA,NA
"32",0.000464900046490005,0,0.00232450023245002,0,0,0,0.000929800092980009,0.000464900046490005,0,0.000929800092980009,0.00557880055788006,0.142259414225941,0.000464900046490005,0.00185960018596002,0.0581125058112506,0.0116225011622501,0,0,0,0,0.000929800092980009,0.00325430032543003,0,0,0,0.00139470013947001,0,0,0.000464900046490005,0,0,0,0,0,0,0,0,0,0,0,0.00278940027894003,0,0,0,0,0.000464900046490005,0,0,0,0,0,0,0,0.00464900046490005,0.000464900046490005,0,0.000929800092980009,0,0.00185960018596002,0,0,0,0,0,0,0,0,0,0,0,0,0,0.00278940027894003,0.000464900046490005,0,0,0.000464900046490005,0.0357973035797304,0.000929800092980009,0,0,0.000464900046490005,0,0.000464900046490005,0.0874012087401209,0,0.00185960018596002,0.0102278010227801,0.00139470013947001,0,0.00232450023245002,0.00325430032543003,0,0,0.0111576011157601,0.594607159460716,0,0,0.000464900046490005,0,0.00371920037192004,1091,NA,NA
"33",0.000456412596987677,0,0.00228206298493838,0,0,0,0.00136923779096303,0.000456412596987677,0,0,0.00547695116385212,0.148790506617983,0,0.00273847558192606,0.0547695116385212,0.0104974897307166,0,0,0,0,0,0.00136923779096303,0,0,0,0.00273847558192606,0,0,0,0.000456412596987677,0,0,0,0,0,0,0.000456412596987677,0,0.000456412596987677,0,0.00136923779096303,0,0,0,0,0.00136923779096303,0,0,0,0,0,0,0,0.00684618895481515,0,0,0.00228206298493838,0,0.00136923779096303,0,0,0,0,0,0,0,0,0,0,0,0,0,0.00365130077590141,0,0,0,0.000456412596987677,0.0223642172523962,0,0,0,0,0,0,0.0830670926517572,0,0.00136923779096303,0.0059333637608398,0.000456412596987677,0,0.00502053856686445,0.00410771337288909,0,0,0.0136923779096303,0.611592879963487,0,0,0,0,0.00273847558192606,1091,NA,NA
"34",0,0.000378071833648393,0.000756143667296786,0,0,0,0.000378071833648393,0.000378071833648393,0,0,0.00378071833648393,0.0914933837429111,0,0.00113421550094518,0.0321361058601134,0.0102079395085066,0,0.000378071833648393,0,0,0.000378071833648393,0.000378071833648393,0,0,0,0.00264650283553875,0,0,0.000378071833648393,0.000378071833648393,0,0,0,0,0,0,0,0,0,0,0.00151228733459357,0,0,0,0,0.00113421550094518,0,0,0,0,0,0.000378071833648393,0,0.00756143667296786,0,0.000378071833648393,0.00189035916824197,0.000378071833648393,0.000378071833648393,0,0,0,0,0,0,0,0,0.000378071833648393,0,0,0,0,0.00189035916824197,0,0,0,0.000378071833648393,0.0234404536862004,0,0,0,0,0,0,0.0514177693761815,0,0,0.00113421550094518,0.000378071833648393,0,0.00113421550094518,0.00226843100189036,0,0,0.00604914933837429,0.750850661625709,0.000378071833648393,0,0,0,0.00151228733459357,1172,NA,NA
"35",0,0,0,0,0,0,0.00074019245003701,0.000370096225018505,0,0,0.00185048112509252,0.0910436713545522,0.000370096225018505,0.00296076980014804,0.040340488527017,0.00629163582531458,0,0,0,0,0.000370096225018505,0.00148038490007402,0,0,0,0.00074019245003701,0,0.000370096225018505,0.00222057735011103,0,0.000370096225018505,0,0,0,0,0,0.000370096225018505,0,0,0,0.00370096225018505,0,0,0,0,0.00148038490007402,0,0,0,0,0,0,0,0.0114729829755736,0.000370096225018505,0,0.00185048112509252,0,0.000370096225018505,0,0,0,0,0,0,0,0,0,0,0,0,0,0.00444115470022206,0,0,0,0.00074019245003701,0.0284974093264249,0.00074019245003701,0,0,0.00148038490007402,0,0.00074019245003701,0.0599555884529978,0,0.000370096225018505,0,0,0,0.00259067357512953,0.00185048112509252,0.00074019245003701,0,0.00222057735011103,0.723908216136195,0.00074019245003701,0,0.00111028867505551,0,0.00074019245003701,1251,NA,NA
"36",0.0006635700066357,0.0006635700066357,0.00033178500331785,0,0.00033178500331785,0,0.0006635700066357,0.00033178500331785,0,0,0.00497677504976775,0.124419376244194,0,0.00630391506303915,0.0447909754479098,0.00895819508958195,0,0,0,0,0.0006635700066357,0.00232249502322495,0,0,0.00033178500331785,0.00033178500331785,0,0,0.0026542800265428,0.00033178500331785,0,0,0,0,0,0,0,0,0.0006635700066357,0,0.0046449900464499,0,0,0,0,0.00033178500331785,0,0,0,0,0,0,0,0.0039814200398142,0.0006635700066357,0,0.00165892501658925,0.00033178500331785,0.00099535500995355,0,0,0,0,0,0,0,0,0,0,0,0,0,0.0039814200398142,0,0,0,0,0.0315195753151958,0.0006635700066357,0,0,0,0,0,0.0617120106171201,0,0.00232249502322495,0.00165892501658925,0,0,0.00165892501658925,0.0019907100199071,0,0,0.0026542800265428,0.676177836761778,0.0019907100199071,0,0.00033178500331785,0,0.00099535500995355,1331,NA,NA
"37",0,0,0.000291885580852306,0,0,0,0.00145942790426153,0.000291885580852306,0,0.000291885580852306,0.00321074138937536,0.0788091068301226,0,0.00175131348511384,0.0329830706363106,0.00729713952130765,0,0,0,0,0,0.000583771161704612,0,0,0,0.000291885580852306,0,0,0.00204319906596614,0.000291885580852306,0,0,0,0,0,0,0,0,0,0,0.00204319906596614,0,0,0.000291885580852306,0,0.000875656742556918,0,0,0,0,0,0,0,0.00321074138937536,0,0,0.00175131348511384,0,0.000583771161704612,0,0,0,0,0,0,0,0,0,0,0,0,0,0.00321074138937536,0,0,0,0.000291885580852306,0.018096906012843,0.000291885580852306,0,0,0,0.000291885580852306,0,0.0528312901342674,0,0.000583771161704612,0.00233508464681845,0.000583771161704612,0.000291885580852306,0.00233508464681845,0.00291885580852306,0,0,0.00204319906596614,0.774956217162872,0,0,0.000583771161704612,0,0,1419,NA,NA
"38",0,0,0.000216356555603635,0,0,0,0.00216356555603635,0.00043271311120727,0,0.00043271311120727,0.00173085244482908,0.0828645607961921,0,0.000649069666810904,0.0270445694504543,0.00778883600173085,0,0.000216356555603635,0,0,0,0.00129813933362181,0,0,0,0.00129813933362181,0.000216356555603635,0,0.000649069666810904,0,0,0,0,0,0,0,0,0,0,0,0.00194720900043271,0,0,0,0,0.00043271311120727,0,0,0,0.000216356555603635,0,0,0,0.00194720900043271,0.000649069666810904,0,0.00129813933362181,0,0.000216356555603635,0,0,0,0,0,0,0,0,0.000216356555603635,0,0,0,0.000216356555603635,0.00346170488965816,0,0,0,0,0.0157940285590653,0,0,0,0.000216356555603635,0,0,0.0452185201211597,0,0.000216356555603635,0.00151449588922544,0.000216356555603635,0,0.00173085244482908,0.00151449588922544,0,0,0.00194720900043271,0.792297706620511,0.000649069666810904,0,0.000649069666810904,0,0.00043271311120727,1547,NA,NA
"39",0.000422832980972516,0,0,0,0,0,0.00211416490486258,0.00126849894291755,0,0,0.00338266384778013,0.224101479915433,0,0.00126849894291755,0.0460887949260042,0.0147991543340381,0,0,0,0,0.00126849894291755,0.00338266384778013,0,0,0,0.000845665961945032,0,0,0.00169133192389006,0,0,0,0,0,0,0,0,0,0,0,0.00338266384778013,0,0,0,0,0.00126849894291755,0,0,0,0,0,0,0,0.00295983086680761,0.000422832980972516,0,0.00126849894291755,0,0.000422832980972516,0,0,0,0,0,0,0,0,0,0,0,0,0,0,0,0,0,0.00126849894291755,0.0219873150105708,0.000422832980972516,0,0,0,0,0,0.0947145877378436,0,0.00126849894291755,0.00380549682875264,0,0,0.00126849894291755,0.00380549682875264,0,0,0.00211416490486258,0.557293868921776,0,0,0.00169133192389006,0,0,1711,NA,NA
"40",0.000471031559114461,0.000471031559114461,0,0,0,0,0.00376825247291569,0.000942063118228921,0,0,0.00423928403203015,0.186528497409326,0,0.00329722091380122,0.0546396608572774,0.0160150730098917,0,0,0.000471031559114461,0,0,0.00188412623645784,0,0,0,0.000942063118228921,0,0,0.000942063118228921,0.000471031559114461,0,0,0,0,0,0,0,0,0.000471031559114461,0,0.00612341026848799,0,0,0,0,0.000471031559114461,0.000471031559114461,0,0,0,0.000471031559114461,0,0,0.00282618935468676,0,0,0.000471031559114461,0,0.00141309467734338,0,0,0,0,0,0,0.000471031559114461,0,0,0,0,0,0,0.00847856806406029,0,0,0,0,0.0146019783325483,0,0,0,0,0.000471031559114461,0,0.145077720207254,0,0.000471031559114461,0.0023551577955723,0,0,0.0023551577955723,0.000471031559114461,0,0,0.00518134715025907,0.528968440885539,0.000942063118228921,0.000471031559114461,0.000942063118228921,0,0.000942063118228921,2065,NA,NA
"41",0,0,0.00234962406015038,0,0,0,0.00234962406015038,0.000469924812030075,0,0,0.00281954887218045,0.213345864661654,0,0.0018796992481203,0.037593984962406,0.012687969924812,0.000469924812030075,0,0,0,0.00093984962406015,0.0018796992481203,0,0,0,0.00093984962406015,0,0,0.0018796992481203,0.000469924812030075,0,0,0,0,0,0,0,0,0,0,0.00328947368421053,0,0,0,0,0.00328947368421053,0.000469924812030075,0,0,0,0,0,0,0.00328947368421053,0,0.00093984962406015,0.000469924812030075,0,0.00093984962406015,0,0,0,0,0,0,0,0,0,0,0,0,0,0.00422932330827068,0,0,0,0.000469924812030075,0.00845864661654135,0,0,0,0,0,0,0.0756578947368421,0.00140977443609023,0.00328947368421053,0.0018796992481203,0.000469924812030075,0,0.00422932330827068,0.00234962406015038,0,0,0.012218045112782,0.588815789473684,0.00093984962406015,0.00140977443609023,0.00093984962406015,0,0.000469924812030075,2274,NA,NA
"42",0,0,0.000289939112786315,0,0,0,0.000289939112786315,0.00057987822557263,0,0,0.00231951290229052,0.152507973325602,0,0.000289939112786315,0.0208756161206147,0.0078283560452305,0,0,0.000289939112786315,0,0,0.00173963467671789,0.000289939112786315,0,0,0.00115975645114526,0,0,0.000869817338358945,0.000289939112786315,0,0,0,0,0,0,0,0,0,0,0.00115975645114526,0,0,0.000289939112786315,0,0.000869817338358945,0,0,0,0,0,0,0,0.00376920846622209,0,0,0.00057987822557263,0,0.00057987822557263,0,0,0,0,0,0,0,0,0,0,0,0,0,0.00318933024064946,0,0,0,0.000869817338358945,0.00318933024064946,0,0,0,0.000289939112786315,0,0,0.0678457523919977,0.00057987822557263,0.000869817338358945,0.00173963467671789,0.00057987822557263,0,0.00666859959408524,0.0020295737895042,0,0,0.00434908669179472,0.709191069875326,0.00057987822557263,0.000289939112786315,0.000289939112786315,0,0.00057987822557263,2393,NA,NA
"43",0,0,0.000222271615914648,0,0,0,0.00200044454323183,0.000222271615914648,0,0.000222271615914648,0.00222271615914648,0.140031118026228,0,0.000444543231829295,0.0171149144254279,0.0051122471660369,0,0.000222271615914648,0,0,0,0.000666814847743943,0,0,0,0.000222271615914648,0,0,0.00133362969548789,0.000666814847743943,0,0,0,0,0,0,0,0.000222271615914648,0,0,0.00155590131140253,0,0,0,0,0.000889086463658591,0,0,0,0,0,0,0,0.00244498777506112,0,0.000222271615914648,0.00177817292731718,0,0.000222271615914648,0,0,0,0,0.000222271615914648,0,0,0,0,0,0,0,0,0.00244498777506112,0,0,0,0.000222271615914648,0.00133362969548789,0,0,0,0.000222271615914648,0,0,0.0657923983107357,0.000444543231829295,0.00111135807957324,0.000666814847743943,0,0,0.00400088908646366,0.00177817292731718,0,0,0.00288953100689042,0.739942209379862,0.000222271615914648,0.000666814847743943,0,0,0,2430,NA,NA
"44",0,0,0.000433839479392625,0,0,0,0.00108459869848156,0.000650759219088937,0,0.000216919739696312,0.00151843817787419,0.10412147505423,0,0.000433839479392625,0.0186550976138829,0.00433839479392625,0,0,0,0,0,0.00151843817787419,0,0,0,0.000433839479392625,0,0,0.00108459869848156,0.00151843817787419,0,0,0,0,0,0,0,0,0,0,0.00151843817787419,0,0,0,0,0.000867678958785249,0,0,0,0,0.000216919739696312,0,0,0.00433839479392625,0,0.000216919739696312,0.00260303687635575,0,0.000433839479392625,0,0,0,0,0.000433839479392625,0,0,0,0,0,0,0,0,0.00216919739696312,0,0,0,0,0.00195227765726681,0.000216919739696312,0,0,0,0,0,0.0581344902386117,0,0.000650759219088937,0.000216919739696312,0.000216919739696312,0.000650759219088937,0.00455531453362256,0.00260303687635575,0,0,0.006941431670282,0.773969631236442,0.00108459869848156,0,0,0,0,2503,NA,NA
"45",0,0,0.000204582651391162,0,0,0,0.00102291325695581,0.000613747954173486,0,0,0.00143207855973813,0.093494271685761,0,0.00225040916530278,0.0167757774140753,0.0042962356792144,0,0.000204582651391162,0,0,0.000204582651391162,0.00204582651391162,0,0,0,0.000204582651391162,0,0,0.00102291325695581,0.00204582651391162,0.000204582651391162,0,0,0,0,0,0,0,0.000204582651391162,0,0.00102291325695581,0.000204582651391162,0,0.000409165302782324,0,0.00102291325695581,0,0,0,0,0.000409165302782324,0,0,0.00368248772504092,0.000204582651391162,0.000204582651391162,0.00204582651391162,0,0,0,0,0,0,0,0,0,0,0,0,0,0,0.000204582651391162,0.00225040916530278,0,0,0,0,0.0016366612111293,0,0,0,0.000204582651391162,0,0,0.0587152209492635,0,0.000613747954173486,0.00102291325695581,0.000204582651391162,0.000204582651391162,0.00306873977086743,0.0016366612111293,0,0,0.00634206219312602,0.785801963993453,0.00245499181669394,0.000204582651391162,0,0,0,2572.5,NA,NA
